{
  "title": "A few notes",
  "services": {
    "query": {
      "idQueue": [
        1,
        2,
        3,
        4
      ],
      "list": {
        "0": {
          "query": "*",
          "alias": "",
          "color": "#7EB26D",
          "id": 0,
          "pin": false,
          "type": "lucene"
        }
      },
      "ids": [
        0
      ]
    },
    "filter": {
      "idQueue": [
        0,
        1,
        2
      ],
      "list": {},
      "ids": []
    }
  },
  "rows": [
    {
      "title": "Graph",
      "height": "250px",
      "editable": true,
      "collapse": false,
      "collapsable": true,
      "panels": [
        {
          "error": false,
          "span": 3,
          "editable": true,
          "group": [
            "default"
          ],
          "type": "text",
          "status": "Stable",
          "mode": "markdown",
          "content": "See the small Filters bar above this? Click it to expand the filters row. Right now there are none, but if you were to add a Table panel, you could click on event fields to drill down and add some. Or if you had timestamped data and used a time picker, your time filter would appear there",
          "style": {},
          "title": "Filtering"
        },
        {
          "error": false,
          "span": 9,
          "editable": true,
          "group": [
            "default"
          ],
          "type": "text",
          "status": "Stable",
          "mode": "markdown",
          "content": "### Start here\nThis dashboard doesn't run any queries, but it's the best I can do without knowing much about your data!\n\n##### Kibana is currently configured to point at the special Elasticsearch *_all* index. You can change that by clicking on the cog icon in the title bar of this dashboard\nIf you have several indices and a lot of data, you should probably do that before you add any new panels. You can also add rows from that dialog. You can edit individual panels by click on the link that appears in their top right when you mouse over them",
          "style": {},
          "title": "Welcome!"
        }
      ],
      "notice": false
    },
    {
      "title": "Table",
      "height": "650px",
      "editable": true,
      "collapse": false,
      "collapsable": true,
      "panels": [
        {
          "error": false,
          "span": 12,
          "editable": true,
          "group": [
            "default"
          ],
          "type": "text",
          "status": "Stable",
          "mode": "markdown",
          "content": "## A good place for a table\nThis is a good place for a table panel. Table panels present your data in a tabular format and allow you pick the fields you want to see, sort on them, and drill down.",
          "style": {},
          "title": "Put a table here maybe?"
        }
      ],
      "notice": false
    }
  ],
  "editable": true,
  "index": {
    "interval": "none",
    "pattern": "[logstash-]YYYY.MM.DD",
    "default": "_all"
  },
  "style": "dark",
  "failover": false,
  "panel_hints": true,
  "loader": {
    "save_gist": false,
    "save_elasticsearch": true,
    "save_local": true,
    "save_default": true,
    "save_temp": true,
    "save_temp_ttl_enable": true,
    "save_temp_ttl": "30d",
    "load_gist": true,
    "load_elasticsearch": true,
    "load_elasticsearch_size": 20,
    "load_local": true,
    "hide": false
  },
  "pulldowns": [
    {
      "type": "query",
      "collapse": false,
      "notice": false,
      "query": "*",
      "pinned": true,
      "history": [],
      "remember": 10
    },
    {
      "type": "filtering",
      "collapse": true,
      "notice": false
    }
  ],
  "nav": [
    {
      "type": "timepicker",
      "collapse": false,
      "notice": false,
      "status": "Stable",
      "time_options": [
        "5m",
        "15m",
        "1h",
        "6h",
        "12h",
        "24h",
        "2d",
        "7d",
        "30d"
      ],
      "refresh_intervals": [
        "5s",
        "10s",
        "30s",
        "1m",
        "5m",
        "15m",
        "30m",
        "1h",
        "2h",
        "1d"
      ],
      "timefield": "@timestamp"
    }
  ],
  "refresh": false
}